2026-06-13_22-21-41,0,main.go:2026-06-13_22-21-41;queue.go:2026-06-13_22-21-41
2026-06-15_09-38-26,0,main.go:2026-06-15_09-38-26;queue.go:2026-06-13_22-21-41
2026-06-15_09-42-12,0,main.go:2026-06-15_09-42-12;queue.go:2026-06-13_22-21-41
2026-06-15_09-42-23,0,main.go:2026-06-15_09-42-23;queue.go:2026-06-13_22-21-41
2026-06-15_09-42-29,0,main.go:2026-06-15_09-42-29;queue.go:2026-06-13_22-21-41
2026-06-15_09-43-44,0,main.go:2026-06-15_09-42-29;queue.go:2026-06-13_22-21-41
2026-06-15_09-46-20,0,main.go:2026-06-15_09-46-20;queue.go:2026-06-13_22-21-41
2026-06-29_10-04-12,0,main.go:2026-06-15_09-46-20;queue.go:2026-06-13_22-21-41
2026-06-29_10-12-17,0,main.go:2026-06-29_10-12-17;queue.go:2026-06-13_22-21-41
2026-06-29_10-12-52,0,main.go:2026-06-29_10-12-52;queue.go:2026-06-13_22-21-41
2026-06-29_10-14-00,0,main.go:2026-06-29_10-14-00;queue.go:2026-06-13_22-21-41
2026-06-29_10-19-35,0,main.go:2026-06-29_10-19-35;queue.go:2026-06-13_22-21-41
2026-06-29_10-19-44,0,main.go:2026-06-29_10-19-44;queue.go:2026-06-13_22-21-41
2026-06-29_10-28-05,0,main.go:2026-06-29_10-28-05;queue.go:2026-06-13_22-21-41
2026-06-29_10-49-11,0,main.go:2026-06-29_10-49-11;queue.go:2026-06-13_22-21-41
2026-06-29_10-55-27,0,main.go:2026-06-29_10-55-27;queue.go:2026-06-13_22-21-41
2026-06-29_10-58-47,0,main.go:2026-06-29_10-58-47;queue.go:2026-06-13_22-21-41
2026-06-29_11-02-12,0,main.go:2026-06-29_11-02-12;queue.go:2026-06-13_22-21-41
2026-06-29_11-04-14,0,main.go:2026-06-29_11-04-14;queue.go:2026-06-13_22-21-41
2026-06-29_11-04-51,0,main.go:2026-06-29_11-04-51;queue.go:2026-06-13_22-21-41
2026-06-29_11-06-58,0,main.go:2026-06-29_11-06-58;queue.go:2026-06-13_22-21-41
2026-06-29_11-08-14,0,main.go:2026-06-29_11-08-14;queue.go:2026-06-13_22-21-41
2026-06-29_11-09-18,0,main.go:2026-06-29_11-09-18;queue.go:2026-06-13_22-21-41
2026-06-29_11-14-33,0,main.go:2026-06-29_11-14-33;queue.go:2026-06-13_22-21-41
2026-06-29_11-14-46,100,main.go:2026-06-29_11-14-46;queue.go:2026-06-13_22-21-41
2026-06-29_20-40-09,100,main.go:2026-06-29_11-14-46;queue.go:2026-06-13_22-21-41
