2026-03-31_19-04-26,0,main.go:2026-03-31_19-04-26
2026-03-31_19-17-48,0,main.go:2026-03-31_19-17-48
2026-03-31_19-17-59,0,main.go:2026-03-31_19-17-59
2026-03-31_19-18-23,0,main.go:2026-03-31_19-18-23
2026-03-31_19-18-47,0,main.go:2026-03-31_19-18-23
2026-03-31_19-18-48,0,main.go:2026-03-31_19-18-23
2026-03-31_19-18-48,---,main.go:2026-03-31_19-18-23
2026-03-31_19-20-19,100,main.go:2026-03-31_19-20-19
2026-03-31_19-20-28,100,main.go:2026-03-31_19-20-19
2026-03-31_19-21-35,100,main.go:2026-03-31_19-20-19
2026-03-31_19-28-49,100,main.go:2026-03-31_19-28-49
2026-05-14_20-19-19,100,main.go:2026-03-31_19-28-49
2026-05-14_20-21-03,0,main.go:2026-05-14_20-21-03
2026-05-14_20-23-29,0,main.go:2026-05-14_20-23-29
2026-05-14_20-38-24,0,main.go:2026-05-14_20-38-24
2026-05-14_20-40-01,100,main.go:2026-05-14_20-40-01
2026-05-14_20-40-08,100,main.go:2026-05-14_20-40-01
2026-05-14_20-47-44,100,main.go:2026-05-14_20-40-01
