2026-06-05_23-51-02,0,dlist.go:2026-06-05_23-51-02;main.go:2026-06-05_23-51-02
2026-06-05_23-51-16,0,dlist.go:2026-06-05_23-51-02;main.go:2026-06-05_23-51-02
2026-06-05_23-55-04,0,dlist.go:2026-06-05_23-51-02;main.go:2026-06-05_23-55-04
2026-06-05_23-55-15,0,dlist.go:2026-06-05_23-51-02;main.go:2026-06-05_23-55-04
2026-06-05_23-55-16,0,dlist.go:2026-06-05_23-51-02;main.go:2026-06-05_23-55-04
2026-06-05_23-55-22,0,main.go:2026-06-05_23-55-04;dlist.go:2026-06-05_23-51-02
2026-06-05_23-55-24,0,main.go:2026-06-05_23-55-04;dlist.go:2026-06-05_23-51-02
2026-06-05_23-55-29,0,main.go:2026-06-05_23-55-04;dlist.go:2026-06-05_23-51-02
2026-06-05_23-55-29,0,main.go:2026-06-05_23-55-04;dlist.go:2026-06-05_23-51-02
2026-06-05_23-55-29,0,main.go:2026-06-05_23-55-04;dlist.go:2026-06-05_23-51-02
2026-06-05_23-58-12,0,main.go:2026-06-05_23-58-12;dlist.go:2026-06-05_23-51-02
2026-06-05_23-59-26,0,main.go:2026-06-05_23-58-12;dlist.go:2026-06-05_23-51-02
2026-06-06_00-12-58,0,main.go:2026-06-05_23-58-12;dlist.go:2026-06-05_23-51-02
2026-06-06_00-13-22,0,main.go:2026-06-06_00-13-22;dlist.go:2026-06-05_23-51-02
2026-06-06_00-19-22,0,main.go:2026-06-06_00-19-22;dlist.go:2026-06-05_23-51-02
2026-06-06_00-20-19,0,main.go:2026-06-06_00-20-19;dlist.go:2026-06-05_23-51-02
2026-06-06_00-29-29,0,main.go:2026-06-06_00-29-29;dlist.go:2026-06-06_00-29-29
2026-06-06_00-30-24,0,main.go:2026-06-06_00-30-24;dlist.go:2026-06-06_00-29-29
2026-06-06_00-30-41,0,main.go:2026-06-06_00-30-41;dlist.go:2026-06-06_00-30-41
2026-06-06_00-32-33,0,main.go:2026-06-06_00-30-41;dlist.go:2026-06-06_00-30-41
2026-06-06_00-35-13,0,main.go:2026-06-06_00-30-41;dlist.go:2026-06-06_00-30-41
2026-06-06_00-35-15,0,dlist.go:2026-06-06_00-30-41;main.go:2026-06-06_00-30-41
2026-06-06_00-35-17,0,main.go:2026-06-06_00-30-41;dlist.go:2026-06-06_00-30-41
2026-06-06_00-37-41,0,main.go:2026-06-06_00-30-41;dlist.go:2026-06-06_00-37-41
2026-06-06_00-38-16,0,main.go:2026-06-06_00-30-41;dlist.go:2026-06-06_00-37-41
2026-06-06_00-38-38,0,main.go:2026-06-06_00-38-38;dlist.go:2026-06-06_00-37-41
2026-06-06_00-51-49,0,main.go:2026-06-06_00-38-38;dlist.go:2026-06-06_00-37-41
2026-06-06_00-52-20,0,main.go:2026-06-06_00-52-20;dlist.go:2026-06-06_00-37-41
2026-06-06_00-53-18,0,main.go:2026-06-06_00-53-18;dlist.go:2026-06-06_00-37-41
2026-06-06_00-53-27,0,main.go:2026-06-06_00-53-27;dlist.go:2026-06-06_00-37-41
2026-06-06_00-53-36,0,main.go:2026-06-06_00-53-36;dlist.go:2026-06-06_00-37-41
2026-06-06_00-53-47,0,main.go:2026-06-06_00-53-47;dlist.go:2026-06-06_00-37-41
2026-06-06_00-55-00,0,main.go:2026-06-06_00-53-47;dlist.go:2026-06-06_00-37-41
2026-06-06_00-56-23,0,main.go:2026-06-06_00-53-47;dlist.go:2026-06-06_00-37-41
2026-06-06_00-56-30,0,main.go:2026-06-06_00-56-30;dlist.go:2026-06-06_00-37-41
2026-06-06_00-56-47,0,main.go:2026-06-06_00-56-47;dlist.go:2026-06-06_00-37-41
2026-06-06_01-00-31,0,main.go:2026-06-06_01-00-31;dlist.go:2026-06-06_00-37-41
2026-06-06_01-01-32,0,main.go:2026-06-06_01-01-32;dlist.go:2026-06-06_00-37-41
2026-06-06_01-07-16,0,main.go:2026-06-06_01-07-16;dlist.go:2026-06-06_00-37-41
2026-06-06_01-07-29,0,main.go:2026-06-06_01-07-29;dlist.go:2026-06-06_00-37-41
2026-06-06_01-09-35,0,main.go:2026-06-06_01-09-35;dlist.go:2026-06-06_00-37-41
2026-06-06_01-10-22,0,main.go:2026-06-06_01-10-22;dlist.go:2026-06-06_00-37-41
2026-06-06_01-10-33,0,main.go:2026-06-06_01-10-33;dlist.go:2026-06-06_00-37-41
2026-06-06_01-23-55,0,main.go:2026-06-06_01-23-55;dlist.go:2026-06-06_00-37-41
2026-06-06_01-29-30,0,main.go:2026-06-06_01-29-30;dlist.go:2026-06-06_00-37-41
2026-06-06_01-29-55,0,main.go:2026-06-06_01-29-55;dlist.go:2026-06-06_00-37-41
2026-06-06_01-37-20,0,main.go:2026-06-06_01-37-20;dlist.go:2026-06-06_00-37-41
2026-06-06_01-38-03,0,main.go:2026-06-06_01-38-03;dlist.go:2026-06-06_00-37-41
2026-06-06_01-38-16,0,main.go:2026-06-06_01-38-16;dlist.go:2026-06-06_00-37-41
2026-06-06_01-38-56,0,main.go:2026-06-06_01-38-56;dlist.go:2026-06-06_00-37-41
2026-06-06_01-39-18,0,main.go:2026-06-06_01-39-18;dlist.go:2026-06-06_00-37-41
2026-06-06_01-39-30,0,main.go:2026-06-06_01-39-30;dlist.go:2026-06-06_00-37-41
2026-06-06_01-39-45,16,main.go:2026-06-06_01-39-45;dlist.go:2026-06-06_00-37-41
2026-06-06_01-40-59,100,main.go:2026-06-06_01-40-59;dlist.go:2026-06-06_00-37-41
