2026-03-16_16-17-05,---,draft.go:2026-03-16_16-17-05
2026-03-19_10-48-39,0,draft.go:2026-03-19_10-48-39
2026-03-19_10-58-49,0,draft.go:2026-03-19_10-58-49
2026-03-19_11-00-38,0,draft.go:2026-03-19_11-00-38
2026-03-19_11-00-47,0,draft.go:2026-03-19_11-00-47
2026-03-19_11-01-05,100,draft.go:2026-03-19_11-01-05
2026-03-19_11-01-22,100,draft.go:2026-03-19_11-01-05
2026-03-19_11-01-29,100,draft.go:2026-03-19_11-01-05
2026-04-29_09-46-43,0,draft.go:2026-04-29_09-46-43
2026-04-29_09-47-54,0,draft.go:2026-04-29_09-47-54
2026-04-29_09-48-26,0,draft.go:2026-04-29_09-48-26
2026-04-29_09-48-40,0,draft.go:2026-04-29_09-48-40
2026-04-29_09-48-48,0,draft.go:2026-04-29_09-48-48
2026-04-29_09-49-12,0,draft.go:2026-04-29_09-49-12
2026-04-29_09-49-29,0,draft.go:2026-04-29_09-49-29
2026-04-29_09-49-38,0,draft.go:2026-04-29_09-49-38
2026-04-29_09-49-44,100,draft.go:2026-04-29_09-49-44
