2026-03-16_16-31-15,0,draft.go:2026-03-16_16-31-15
2026-03-16_16-34-00,0,draft.go:2026-03-16_16-34-00
2026-03-21_08-15-13,---,draft.go:2026-03-16_16-34-00
2026-03-21_08-25-38,---,draft.go:2026-03-16_16-34-00
2026-03-21_08-30-59,0,draft.go:2026-03-16_16-34-00
2026-03-21_08-34-23,0,draft.go:2026-03-21_08-34-23
2026-03-21_08-34-35,0,draft.go:2026-03-21_08-34-23
2026-03-21_08-36-44,0,draft.go:2026-03-21_08-36-44
2026-03-21_08-49-56,0,draft.go:2026-03-21_08-49-56
2026-03-21_08-59-43,0,draft.go:2026-03-21_08-49-56
2026-03-21_09-02-27,0,draft.go:2026-03-21_09-02-27
2026-03-21_09-03-37,0,draft.go:2026-03-21_09-03-37
2026-03-21_09-07-29,0,draft.go:2026-03-21_09-07-29
