2026-06-08_16-28-51,0,main.go:2026-06-08_16-28-51;stack.go:2026-06-08_16-28-51
2026-06-08_16-29-01,20,main.go:2026-06-08_16-29-01;stack.go:2026-06-08_16-28-51
2026-06-08_16-46-06,0,main.go:2026-06-08_16-46-06;stack.go:2026-06-08_16-28-51
2026-06-08_16-47-13,0,main.go:2026-06-08_16-47-13;stack.go:2026-06-08_16-28-51
2026-06-08_16-48-55,0,stack.go:2026-06-08_16-28-51;main.go:2026-06-08_16-47-13
2026-06-08_16-48-57,0,main.go:2026-06-08_16-47-13;stack.go:2026-06-08_16-28-51
2026-06-08_16-48-59,0,main.go:2026-06-08_16-47-13;stack.go:2026-06-08_16-28-51
2026-06-08_16-49-00,0,stack.go:2026-06-08_16-28-51;main.go:2026-06-08_16-47-13
2026-06-08_16-49-00,0,stack.go:2026-06-08_16-28-51;main.go:2026-06-08_16-47-13
2026-06-08_16-49-01,0,stack.go:2026-06-08_16-28-51;main.go:2026-06-08_16-47-13
2026-06-08_16-49-01,0,stack.go:2026-06-08_16-28-51;main.go:2026-06-08_16-47-13
2026-06-08_16-49-02,0,stack.go:2026-06-08_16-28-51;main.go:2026-06-08_16-47-13
2026-06-08_16-49-02,0,stack.go:2026-06-08_16-28-51;main.go:2026-06-08_16-47-13
2026-06-08_16-49-03,0,stack.go:2026-06-08_16-28-51;main.go:2026-06-08_16-47-13
2026-06-08_16-49-03,0,stack.go:2026-06-08_16-28-51;main.go:2026-06-08_16-47-13
2026-06-08_16-49-03,0,stack.go:2026-06-08_16-28-51;main.go:2026-06-08_16-47-13
2026-06-08_16-49-04,0,stack.go:2026-06-08_16-28-51;main.go:2026-06-08_16-47-13
2026-06-08_16-49-04,0,stack.go:2026-06-08_16-28-51;main.go:2026-06-08_16-47-13
2026-06-08_16-49-05,0,stack.go:2026-06-08_16-28-51;main.go:2026-06-08_16-47-13
2026-06-08_16-49-05,0,stack.go:2026-06-08_16-28-51;main.go:2026-06-08_16-47-13
2026-06-08_16-49-05,0,stack.go:2026-06-08_16-28-51;main.go:2026-06-08_16-47-13
2026-06-08_16-49-48,0,stack.go:2026-06-08_16-28-51;main.go:2026-06-08_16-47-13
2026-06-08_16-52-35,0,stack.go:2026-06-08_16-28-51;main.go:2026-06-08_16-47-13
2026-06-08_16-54-44,0,stack.go:2026-06-08_16-28-51;main.go:2026-06-08_16-54-44
2026-06-08_16-55-10,0,main.go:2026-06-08_16-54-44;stack.go:2026-06-08_16-28-51
2026-06-08_16-55-22,0,main.go:2026-06-08_16-54-44;stack.go:2026-06-08_16-28-51
