2026-03-19_13-21-14,0,draft.go:2026-03-19_13-21-14
2026-03-19_13-22-49,---,draft.go:2026-03-19_13-21-14
2026-03-19_13-23-30,---,draft.go:2026-03-19_13-21-14
2026-03-19_13-24-23,0,draft.go:2026-03-19_13-21-14
2026-03-19_15-11-54,---,draft.go:2026-03-19_13-21-14
2026-03-19_15-13-11,0,draft.go:2026-03-19_13-21-14
2026-03-19_15-14-16,0,draft.go:2026-03-19_15-14-16
2026-03-19_15-21-19,0,draft.go:2026-03-19_15-21-19
2026-03-19_15-34-36,0,draft.go:2026-03-19_15-34-36
2026-03-19_15-35-26,100,draft.go:2026-03-19_15-35-26
2026-03-22_19-40-24,100,draft.go:2026-03-19_15-35-26
2026-03-22_19-40-27,100,draft.go:2026-03-19_15-35-26
